59,2,1,0,0,0,1,0,0,1,0,0,0,0,1,0,0,0,0,0,0,0,0,0,0,1,0,0,0,0,0,0,0,0,0,0,0,0,0,1,0,0,0,0,0,1,0,1,0,0,0,0,0,1,1,0,0,3,1,0,0,0,4,0,0,0,0,0,0,0,1,0,0,0,0,0,0,0,0,0,0,0,0,9,0,0,0,0,1,0,0,0,7,0,3,0,0,0,0,0
3,32,1,0,0,0,0,0,0,0,0,1,0,0,0,0,1,0,1,0,0,1,1,0,0,0,1,0,0,0,0,0,0,1,0,2,1,1,0,2,0,2,0,1,0,1,0,0,5,1,0,3,0,2,2,0,0,1,0,0,0,0,2,1,1,2,0,0,0,0,2,0,1,2,0,0,0,1,0,0,0,0,3,0,0,0,0,2,1,1,0,1,10,3,0,0,0,0,0,0
4,1,24,0,0,6,2,0,0,0,0,1,0,0,0,0,0,0,0,0,2,2,0,2,0,1,0,0,1,0,0,0,1,2,0,6,6,0,0,2,0,1,0,2,0,2,2,0,0,0,1,0,0,0,4,0,0,2,0,0,0,0,1,0,0,0,0,0,0,1,1,0,0,2,0,0,0,0,1,0,0,0,0,2,0,0,1,2,1,1,0,2,3,0,1,0,0,0,3,1
0,0,0,9,10,0,1,6,1,1,0,0,0,1,0,0,1,0,0,3,0,17,0,1,1,0,2,0,0,0,1,7,1,2,0,0,1,1,1,0,0,1,0,0,0,0,0,1,0,0,0,0,0,0,1,1,0,0,1,1,0,1,0,3,0,4,1,0,0,0,0,0,4,0,1,4,0,1,0,0,0,0,0,0,0,0,1,0,1,1,0,0,0,0,2,1,0,0,1,0
1,1,1,2,22,1,0,4,0,0,0,0,0,0,2,0,0,0,0,0,1,2,0,0,3,0,1,2,0,1,1,0,0,5,1,0,0,0,0,2,0,0,4,6,0,2,0,1,0,0,2,0,0,0,0,0,0,0,0,0,0,0,0,4,1,1,0,0,0,0,0,0,4,0,5,0,0,4,0,0,2,0,2,0,0,0,2,2,0,0,0,4,0,1,0,0,0,0,0,0
2,0,0,0,2,39,0,0,0,0,1,0,1,0,1,0,0,0,0,1,2,1,1,7,0,2,0,0,0,0,0,0,1,1,0,1,4,0,0,2,2,1,0,0,0,1,0,0,0,0,0,0,0,2,1,0,0,1,1,0,1,0,0,0,0,1,0,0,2,0,0,0,0,1,0,0,0,1,1,0,0,1,0,1,3,0,0,3,0,0,1,2,0,0,3,0,0,0,1,0
0,0,0,0,0,1,29,5,0,0,0,1,0,0,1,0,1,0,1,0,1,1,0,0,4,0,0,0,0,1,0,1,1,2,1,2,0,0,2,0,0,0,0,5,0,6,0,1,0,0,1,1,0,0,1,0,0,1,0,0,0,0,1,1,1,1,0,0,0,2,1,0,0,0,0,0,0,3,0,3,0,0,11,1,0,0,0,0,4,0,0,0,0,0,0,0,0,0,0,0
0,0,0,0,0,0,4,45,1,0,0,0,1,0,2,0,1,0,2,1,2,0,0,1,10,0,0,0,0,1,0,0,0,3,0,0,0,0,0,0,0,1,0,0,0,2,0,0,0,0,1,0,0,0,0,0,0,0,0,1,0,0,1,0,0,0,1,0,1,0,0,0,0,0,0,0,0,2,1,3,0,0,0,2,1,1,0,0,1,1,0,0,4,0,0,1,0,0,1,0
0,0,2,0,0,1,1,5,43,0,0,0,0,0,0,0,2,2,0,1,0,0,0,0,0,0,3,0,0,0,0,0,0,3,0,1,1,4,1,4,0,0,0,1,0,0,0,0,5,4,0,1,0,0,0,0,0,0,0,1,0,0,0,2,0,0,0,0,1,0,0,0,0,0,0,1,0,1,0,0,1,0,0,0,2,0,0,0,1,1,1,1,0,0,1,0,1,0,0,0
0,0,0,1,0,1,1,1,0,49,0,0,0,0,0,0,0,1,0,0,0,1,0,0,0,0,0,0,1,0,0,0,1,0,0,1,1,2,0,0,5,2,0,0,0,2,1,0,0,0,0,0,0,0,0,0,2,2,1,0,0,2,0,0,0,4,0,0,0,3,0,0,0,0,0,0,1,1,0,0,0,1,0,5,0,0,1,2,0,0,0,0,0,0,1,1,1,1,0,0
7,1,1,0,1,3,0,1,0,0,13,0,0,0,0,0,1,0,0,0,4,1,9,0,1,1,1,0,5,0,0,1,0,1,0,0,3,0,0,0,4,0,0,2,0,2,0,0,0,0,1,0,0,1,0,0,0,2,1,0,0,10,2,0,1,0,0,1,0,0,0,0,0,0,0,1,1,0,1,1,0,0,0,1,1,0,1,3,0,0,0,2,1,1,2,0,0,0,2,0
1,3,9,0,0,5,0,1,0,1,0,15,2,0,1,0,1,0,0,1,3,5,0,0,1,0,1,0,0,0,0,0,2,0,0,9,2,1,0,0,0,0,0,2,0,0,8,0,1,0,0,0,0,1,0,0,1,0,1,0,0,0,0,0,1,1,0,0,0,0,3,0,0,0,0,0,0,1,0,2,0,1,1,0,0,0,2,2,1,0,0,2,0,1,0,0,0,1,3,0
0,1,0,0,0,1,1,0,1,0,0,0,27,0,0,0,0,4,0,0,0,3,0,1,0,2,0,0,0,0,1,0,0,4,0,0,0,4,1,1,1,0,0,0,0,0,0,1,0,11,0,0,1,0,0,0,1,0,6,1,2,0,0,0,0,2,0,1,4,2,0,2,0,1,1,0,0,0,0,0,0,2,0,0,0,2,0,3,0,2,0,0,0,0,0,0,0,0,1,1
0,0,0,0,1,0,0,0,3,0,0,0,3,22,0,0,1,0,0,0,0,0,0,0,0,0,0,0,0,0,0,0,0,1,0,0,0,3,0,4,0,3,0,1,0,1,0,1,0,1,0,1,1,1,0,0,0,0,19,2,1,0,0,0,1,0,0,1,1,0,0,0,1,1,0,0,0,0,0,0,0,7,1,0,0,4,2,3,1,0,5,0,0,0,0,1,0,1,0,0
0,4,0,3,1,0,4,7,1,0,1,1,0,0,18,0,0,0,3,2,2,1,0,0,1,0,2,0,0,0,0,0,3,3,1,0,0,0,0,0,0,1,1,2,0,2,0,0,0,0,1,0,0,0,2,0,0,0,0,0,0,0,5,0,0,0,2,0,0,0,0,0,1,0,5,4,0,0,1,0,0,0,2,4,0,0,0,1,2,0,0,0,2,0,0,0,0,2,0,2
0,2,1,2,0,2,1,0,0,1,0,0,2,0,0,9,0,8,0,5,0,0,0,0,2,1,0,1,0,1,0,1,7,2,1,2,0,2,2,0,0,0,0,6,2,1,0,2,0,2,2,2,0,1,0,0,0,2,0,0,0,0,0,1,2,2,1,0,1,0,0,1,0,0,0,0,0,2,3,3,0,0,0,1,0,1,0,0,0,1,1,0,1,2,0,0,0,0,2,0
1,0,1,1,0,3,1,1,0,2,0,0,0,1,1,0,25,0,0,0,1,0,5,0,2,0,0,0,3,0,0,0,1,0,0,2,1,1,1,1,1,2,0,1,0,4,1,0,0,0,0,0,0,2,0,0,1,0,3,0,0,3,0,0,0,2,1,0,0,0,0,0,0,0,0,0,1,0,1,0,0,1,1,2,0,0,4,5,0,0,0,0,1,0,6,0,0,1,0,1
0,0,0,0,0,2,0,0,0,0,0,0,1,0,0,1,0,59,0,0,0,0,0,1,0,0,0,0,0,0,0,0,1,0,1,0,0,9,0,0,0,0,0,0,0,0,1,1,0,4,0,0,2,1,0,0,1,0,1,3,0,0,0,0,0,0,0,0,4,0,0,0,0,0,0,0,4,0,0,0,0,0,0,0,0,1,0,0,0,0,0,0,0,0,0,0,0,2,0,0
0,1,0,0,2,3,6,2,0,4,0,0,0,0,2,0,0,0,20,0,0,1,1,0,0,0,0,0,0,0,0,0,0,5,0,0,0,0,0,2,0,1,0,0,2,0,0,1,0,0,2,2,0,0,0,0,1,0,1,0,0,0,0,1,0,2,0,0,2,1,0,0,0,1,0,0,0,3,2,6,1,0,0,3,0,0,0,0,0,1,0,7,1,3,1,0,4,0,0,2
0,0,0,3,2,0,0,1,0,0,0,1,1,1,0,1,3,4,0,23,0,2,0,0,2,0,2,0,0,1,0,0,0,1,1,0,0,1,2,1,0,2,0,3,1,1,0,3,1,0,1,0,1,0,2,0,0,0,2,1,1,0,0,0,0,1,2,0,1,1,0,0,1,0,1,5,0,2,0,3,0,0,1,0,1,0,0,0,0,3,1,1,0,0,2,0,0,1,1,0
0,1,1,0,1,6,2,2,0,0,1,0,0,1,0,0,0,0,0,0,57,1,0,0,1,2,2,0,0,0,0,0,0,0,0,2,1,0,0,2,0,0,0,0,0,3,0,1,0,0,1,0,0,0,0,0,0,0,1,0,0,0,0,0,0,0,0,0,1,0,2,1,0,0,0,1,0,0,0,1,0,0,0,1,1,1,0,0,0,0,0,0,1,0,0,1,0,0,0,0
0,0,0,10,3,0,0,3,1,0,0,1,0,0,0,0,0,1,0,1,0,55,1,0,0,1,1,0,0,0,1,2,0,0,1,1,0,0,0,0,0,0,0,1,0,0,0,0,0,0,1,0,0,0,0,0,0,0,2,0,0,0,0,2,1,0,0,0,0,0,0,0,3,0,0,1,0,1,0,0,0,0,2,0,0,0,0,2,0,0,0,0,0,0,0,1,0,0,0,0
1,0,0,0,1,4,0,2,2,0,2,0,0,1,0,0,4,0,0,0,0,1,26,0,0,2,2,0,2,0,0,0,1,2,0,1,0,1,0,2,1,0,0,0,0,0,2,0,1,0,1,0,0,5,0,0,0,1,0,0,0,5,0,0,0,0,0,0,0,1,0,0,0,1,0,0,0,1,3,2,0,0,0,6,0,0,1,3,1,0,0,2,0,1,1,2,1,1,0,0
0,0,0,1,0,0,0,0,0,0,0,0,3,0,0,0,0,0,0,0,0,0,0,53,0,0,0,2,0,0,2,0,1,1,0,0,0,0,0,1,0,0,0,0,0,0,0,0,0,4,1,0,0,1,0,0,0,0,0,0,2,0,0,0,1,1,0,3,2,3,0,13,0,2,0,0,0,0,0,0,0,0,0,0,0,0,0,1,0,0,0,1,0,0,0,1,0,0,0,0
0,0,0,0,1,0,4,16,0,1,0,0,0,0,0,0,0,0,0,0,1,0,0,0,54,0,0,0,1,0,0,0,0,0,0,1,0,0,0,0,1,1,0,1,0,1,0,0,1,0,1,0,0,0,0,1,0,0,0,0,0,1,0,0,0,1,0,0,0,2,0,0,1,0,1,0,0,0,0,3,0,0,0,0,0,1,1,1,0,0,0,0,0,1,1,0,0,0,0,0
3,1,0,0,3,14,0,0,0,0,1,0,0,1,0,0,2,1,0,0,2,2,0,1,1,12,1,0,0,0,0,0,1,3,0,0,0,0,0,1,1,0,0,0,0,0,1,1,0,0,1,0,0,0,1,0,0,1,2,0,0,0,1,1,0,1,0,0,1,0,1,2,0,0,0,1,0,1,0,0,0,2,1,1,4,1,2,10,0,0,2,4,0,0,6,0,0,0,0,0
0,3,0,1,2,1,3,1,1,0,2,0,1,0,2,0,0,0,0,0,2,1,1,0,1,1,14,0,0,0,0,0,0,4,0,0,3,0,1,1,1,0,1,0,0,9,2,2,1,0,1,1,0,1,0,1,0,0,2,0,0,1,1,1,2,0,0,1,0,0,3,0,0,0,0,0,0,0,2,2,1,0,0,1,2,1,3,1,0,0,0,2,3,3,0,1,0,1,0,0
0,0,0,0,2,6,0,0,1,0,0,1,0,1,0,0,0,1,1,0,1,0,0,1,0,2,0,20,0,0,4,1,0,5,0,0,0,1,3,3,0,0,1,2,1,1,0,1,1,0,0,2,0,0,0,0,0,0,3,0,0,0,0,2,0,3,0,0,3,0,0,0,1,2,4,2,0,1,2,2,3,0,0,0,0,1,0,2,0,0,1,2,0,1,0,0,0,2,0,0
1,0,1,0,0,1,0,1,0,7,1,0,0,0,0,0,1,0,0,0,2,1,0,5,2,1,0,0,43,0,0,0,0,0,0,1,1,0,0,0,1,1,0,0,0,0,0,0,0,1,2,0,0,1,1,0,1,0,1,1,0,2,0,0,0,2,0,0,0,0,0,0,0,0,0,0,0,0,0,1,0,0,0,2,0,0,5,4,0,0,0,0,0,0,1,3,0,0,0,1
0,2,0,0,3,0,2,6,1,1,0,0,0,0,0,0,0,0,0,1,1,1,0,0,5,0,2,0,0,21,1,0,1,3,0,0,0,0,1,2,0,3,5,2,2,2,1,4,3,0,0,0,1,1,0,0,0,0,0,0,0,0,0,2,0,1,1,0,0,1,0,0,1,0,2,1,1,0,0,0,1,0,0,1,0,2,0,1,2,1,1,2,0,0,0,0,1,0,0,0
0,0,0,0,1,0,0,0,0,0,0,0,1,0,1,0,1,0,0,0,0,1,1,1,0,0,0,1,0,0,31,0,0,0,0,0,0,0,0,2,0,0,0,0,0,0,0,0,0,2,0,0,0,0,0,0,0,0,1,0,0,0,0,0,0,1,0,5,0,2,0,0,1,16,1,0,0,0,0,0,0,0,0,0,1,0,0,0,0,0,0,0,0,2,0,26,0,1,0,0
0,0,0,1,4,0,1,1,0,0,0,0,0,0,0,0,0,1,0,4,0,6,0,1,1,0,1,1,0,1,0,22,3,4,1,0,0,2,3,0,1,3,0,2,0,0,1,2,0,0,0,1,2,0,0,1,0,0,2,0,0,0,0,4,0,3,0,0,0,1,0,0,0,0,0,3,3,0,2,1,0,0,1,0,0,1,1,0,1,0,0,0,1,1,3,1,0,0,0,0
0,0,1,1,2,0,0,0,0,0,0,2,1,3,0,0,0,4,0,0,1,1,0,1,0,0,0,0,0,0,1,0,22,1,0,1,0,3,0,1,0,1,0,2,0,0,1,1,0,0,2,1,0,1,0,0,0,1,2,1,0,1,0,1,1,4,0,2,1,1,0,1,0,0,1,0,0,1,0,1,1,0,0,2,0,0,0,2,0,0,0,2,3,7,2,2,0,2,2,1
0,1,0,1,0,1,0,2,0,0,0,0,0,0,0,0,0,2,1,0,0,0,0,1,0,0,0,0,0,0,0,0,0,48,0,0,0,1,1,1,0,0,1,0,0,0,0,0,0,0,0,0,0,2,0,0,0,0,0,0,4,0,0,1,0,4,2,0,4,0,0,1,0,0,0,0,0,0,0,0,1,1,1,1,0,0,0,0,0,3,0,1,0,0,1,0,12,0,0,0
0,3,3,0,2,2,1,1,1,0,0,0,0,0,1,0,0,1,0,1,0,0,0,2,1,1,3,0,1,0,0,1,2,2,13,0,4,0,4,0,0,0,1,11,0,0,1,0,0,0,1,0,0,1,1,0,0,0,0,0,0,0,0,1,0,1,2,0,0,0,0,0,0,0,1,2,0,6,1,4,4,0,0,0,1,0,0,0,0,2,0,0,2,0,2,0,0,4,0,1
2,0,12,0,0,2,1,0,0,2,0,4,1,1,0,0,0,0,0,0,0,0,1,0,2,0,0,0,1,0,0,0,0,0,0,18,5,1,1,3,1,1,0,0,0,0,5,0,0,0,1,0,0,1,2,0,0,0,0,0,0,0,2,1,0,1,0,0,0,0,1,0,0,0,0,1,0,0,0,0,0,0,0,1,1,0,5,2,0,0,1,2,2,1,2,0,0,0,9,0
0,1,3,0,1,5,1,1,0,2,0,0,0,1,0,2,0,0,0,0,1,0,3,0,0,0,1,0,1,0,0,0,3,2,1,3,26,1,0,1,0,1,1,8,0,0,0,1,0,0,2,1,0,4,2,0,1,0,0,0,0,1,1,2,0,3,1,0,0,0,0,0,2,0,1,0,1,2,0,0,0,0,1,0,0,0,0,0,0,0,0,0,1,0,2,0,0,1,0,0
1,0,1,1,1,3,1,0,1,0,0,0,6,0,0,1,0,13,1,4,0,0,0,0,0,2,0,0,0,0,0,1,0,3,0,0,0,22,0,2,0,0,0,1,0,0,1,1,1,1,0,0,3,0,0,0,0,0,1,1,0,0,0,0,0,1,2,0,3,0,0,0,0,0,0,0,1,0,0,0,0,3,0,0,1,0,1,1,0,2,5,0,0,1,1,3,0,1,0,0
0,0,0,2,2,0,0,2,3,0,0,0,0,0,0,2,1,1,1,2,0,2,0,0,4,0,1,5,0,1,0,5,1,1,1,0,0,1,16,3,0,2,0,2,0,1,0,0,0,0,2,1,0,1,1,0,0,0,0,2,0,0,0,3,0,5,1,0,0,1,0,0,1,1,2,0,2,3,0,4,3,0,0,0,0,0,0,0,0,0,0,0,0,0,1,0,1,3,0,0
0,0,0,0,1,3,3,1,1,2,0,0,1,2,0,0,0,0,3,0,0,1,0,3,0,0,1,1,0,0,1,0,1,2,0,0,0,0,0,31,0,0,0,0,0,1,0,0,0,1,0,0,0,2,3,0,1,0,1,0,0,1,0,1,0,3,0,0,1,1,0,1,0,2,1,0,1,0,3,0,1,2,0,0,0,1,1,4,3,0,0,2,0,0,1,0,0,2,0,1
1,0,0,0,0,2,0,2,0,9,0,0,0,0,0,0,0,0,0,0,2,0,1,2,2,1,0,1,8,1,1,0,1,0,0,1,0,0,0,0,16,0,0,2,0,0,1,1,0,2,1,0,0,1,1,0,0,0,1,0,0,1,0,0,1,0,0,0,0,3,0,0,0,0,0,1,1,1,1,2,0,0,0,0,0,0,5,6,1,0,0,1,0,0,2,6,2,0,4,1
1,0,1,0,0,0,1,0,2,1,0,0,0,2,3,0,0,1,1,1,1,1,0,0,0,0,0,0,0,0,0,0,0,0,1,0,0,1,1,1,0,55,0,0,0,4,0,0,0,0,0,0,0,0,0,0,0,0,5,0,0,0,0,1,0,0,0,0,1,0,0,0,0,0,0,0,0,0,0,3,0,0,2,5,0,0,0,1,0,1,1,1,0,0,0,0,0,0,0,0
0,0,0,2,2,1,1,2,1,0,0,0,0,0,0,0,0,2,1,0,0,1,0,0,1,0,0,2,0,1,1,0,0,7,2,0,2,0,3,3,0,0,19,10,0,1,0,1,0,0,1,0,0,0,0,0,3,0,0,0,0,0,0,2,1,0,2,1,0,0,1,0,0,0,3,0,1,0,1,0,1,0,0,0,0,0,0,3,7,1,0,0,0,1,1,0,1,3,0,0
0,1,0,2,4,1,0,1,0,0,0,1,0,0,1,0,0,0,0,0,0,2,0,0,0,0,2,0,0,0,1,1,2,1,1,1,4,0,0,0,0,1,0,30,1,1,1,1,0,0,2,1,0,6,1,0,0,0,0,0,0,0,0,2,1,0,1,0,0,0,0,0,1,0,0,0,0,4,1,4,1,0,0,1,0,0,0,2,4,2,0,0,0,0,2,0,0,3,0,0
0,2,1,1,2,3,0,3,2,1,0,0,2,0,0,0,1,0,1,0,4,2,0,0,4,0,0,6,0,2,1,0,0,3,0,2,0,0,2,4,2,2,2,1,4,2,0,0,2,0,0,0,1,1,1,0,1,0,0,0,0,0,1,1,0,2,0,1,1,1,0,0,0,0,0,0,0,0,5,3,0,0,1,0,1,0,1,1,0,1,0,6,0,1,2,0,1,1,1,0
1,2,1,0,0,2,4,4,0,0,0,1,0,0,1,0,0,0,0,0,2,1,0,0,3,0,4,2,0,3,0,0,3,2,0,0,1,1,0,2,0,0,3,2,2,12,0,0,1,1,1,1,1,1,0,0,1,0,1,0,0,1,0,0,0,1,0,1,1,0,1,0,0,1,0,1,0,0,0,1,2,0,0,5,0,0,0,0,3,0,1,2,8,1,1,0,0,0,0,2
0,1,4,1,0,4,0,0,0,3,1,5,0,0,0,0,0,2,0,0,0,9,0,0,1,0,0,0,0,1,1,1,3,0,0,10,2,0,0,3,1,1,0,0,0,2,18,0,0,1,1,1,0,0,0,0,0,0,1,0,0,0,0,1,0,2,0,0,2,0,0,0,0,0,0,1,1,0,0,1,0,0,0,1,1,0,0,0,0,0,1,1,2,0,0,1,0,3,3,1
0,1,0,0,1,0,0,1,0,0,0,0,0,0,0,0,0,1,0,0,0,0,0,0,0,0,0,0,0,0,0,0,0,2,0,0,0,0,0,2,0,0,0,0,0,0,0,53,0,0,0,0,22,1,0,0,1,0,0,3,0,0,1,0,0,0,0,0,0,0,0,0,0,0,0,0,1,0,0,0,0,0,0,1,0,0,1,0,0,2,0,0,0,0,0,1,5,0,0,0
0,0,0,0,0,1,0,3,4,0,0,0,0,0,0,0,1,0,0,0,0,2,0,0,1,0,2,0,0,0,0,0,0,0,0,0,0,1,0,2,0,2,0,0,0,2,0,0,59,0,0,0,0,0,0,0,1,0,4,0,0,0,1,0,0,0,1,0,0,0,1,0,0,0,0,1,0,0,0,1,0,0,0,1,0,0,0,1,1,2,0,1,3,1,0,0,0,0,0,0
0,1,0,0,0,1,0,0,0,0,0,0,2,0,0,0,0,12,0,0,0,0,0,2,0,1,0,1,0,0,2,0,2,0,0,0,1,2,0,3,0,0,0,0,0,1,0,1,0,33,0,0,2,1,0,0,0,0,0,1,8,0,0,0,0,0,0,0,4,0,0,7,2,1,0,0,2,0,0,0,0,0,0,0,1,0,0,0,0,0,0,0,0,1,0,4,0,0,1,0
0,1,2,1,1,3,1,0,0,1,0,0,1,0,0,1,1,0,0,0,1,0,0,1,4,1,3,3,1,0,0,0,3,4,0,2,6,0,1,1,1,0,2,1,2,0,0,0,0,0,5,1,0,0,0,0,0,0,0,1,0,1,0,6,1,4,1,0,0,0,0,0,0,0,4,0,0,1,2,1,0,0,0,1,1,2,2,3,3,0,0,0,1,1,1,0,0,3,0,4
0,1,0,0,1,1,0,0,0,1,0,1,0,0,1,0,0,0,0,5,0,1,0,0,0,0,0,4,0,0,0,0,2,3,1,3,2,0,2,0,1,1,2,5,0,0,3,3,0,0,1,16,0,0,0,0,2,1,3,0,0,0,1,2,1,3,0,0,0,0,0,0,0,1,0,0,0,2,2,0,0,0,2,1,1,0,0,0,8,0,0,2,6,0,0,0,1,0,0,0
0,0,0,0,1,0,0,0,0,0,0,0,0,0,0,0,0,2,0,0,0,0,0,0,1,0,0,0,0,0,0,0,0,0,0,0,0,1,0,0,0,0,0,0,0,0,0,10,0,0,0,0,75,0,0,0,0,0,0,2,0,0,0,0,0,0,0,0,1,0,0,0,0,0,0,0,0,0,0,0,0,1,0,0,0,0,0,0,0,0,0,0,0,0,0,0,5,0,0,1
5,0,0,0,0,1,1,0,0,0,2,0,0,1,0,0,0,0,0,1,1,0,0,0,1,0,2,0,0,0,0,0,0,0,0,0,0,0,0,0,0,0,0,0,0,1,0,1,0,0,0,0,0,62,0,0,0,1,0,0,0,1,7,0,0,0,0,0,0,0,0,0,0,0,0,0,0,0,0,0,0,0,3,6,0,0,0,0,0,1,0,0,1,0,1,0,0,0,0,0
0,1,1,0,0,0,1,1,0,0,0,2,0,0,2,0,0,0,0,0,1,0,2,0,1,0,0,0,1,0,0,0,3,0,0,0,0,0,0,4,1,0,0,0,0,1,0,0,1,0,0,1,0,1,42,0,0,0,1,0,1,0,1,0,1,1,1,0,0,1,9,0,0,0,0,0,0,0,0,1,0,0,0,0,0,0,0,0,0,0,0,2,10,0,0,0,0,3,0,1
0,0,0,3,6,0,0,2,0,1,0,0,0,0,0,0,0,0,1,0,0,4,1,2,4,2,0,5,0,1,6,0,2,5,0,0,0,0,2,0,0,2,0,0,0,0,0,1,0,0,2,0,0,0,0,3,1,0,1,1,0,0,0,4,0,3,0,0,3,1,0,0,4,2,2,2,0,4,0,2,1,0,1,0,1,0,0,3,0,0,1,1,0,0,0,5,1,1,0,0
0,1,0,1,0,0,1,0,1,0,0,0,1,0,0,0,0,1,0,0,0,1,0,1,1,0,0,0,0,1,1,0,1,1,0,0,0,3,2,1,0,0,0,0,0,0,0,7,0,3,1,0,6,0,0,0,31,0,0,10,0,0,0,0,0,0,0,1,1,4,0,0,0,1,1,0,0,0,0,1,0,1,1,0,0,0,1,0,0,0,1,1,0,0,0,2,6,1,0,0
8,0,0,0,2,2,0,0,0,3,0,0,0,0,0,1,1,0,2,0,0,2,0,1,3,0,0,0,1,0,0,0,0,2,1,0,0,0,0,0,1,1,0,0,0,2,0,2,0,0,0,3,0,3,1,1,0,27,0,0,0,1,1,0,0,1,0,0,1,0,0,0,0,0,0,0,0,1,0,1,0,0,3,10,0,0,1,1,0,0,0,0,2,0,4,0,0,0,2,1
0,0,0,0,0,2,0,1,0,0,0,1,1,8,0,0,0,0,0,1,0,1,0,0,0,2,0,0,0,0,0,0,0,1,0,0,0,1,0,0,0,1,0,0,0,2,0,2,1,2,0,0,0,1,0,0,0,0,48,0,0,0,0,0,0,1,1,0,2,0,0,0,0,0,0,1,0,1,0,0,0,3,0,4,0,3,1,2,0,3,2,0,0,0,0,0,0,0,0,0
0,0,0,1,0,0,0,1,2,1,0,0,2,0,0,0,0,3,0,0,0,0,0,0,0,0,0,1,0,0,0,1,1,5,0,0,0,1,0,1,0,0,0,0,0,0,0,5,0,3,0,0,30,0,0,0,7,0,0,18,0,0,0,0,0,0,0,1,1,0,0,0,0,0,0,0,2,0,0,0,0,0,0,0,0,2,0,0,0,1,0,0,0,0,0,4,6,0,0,0
0,0,0,0,0,0,1,0,0,0,1,0,0,0,0,0,0,2,0,0,0,0,0,5,0,1,0,0,0,0,0,0,0,0,1,0,0,0,0,0,0,0,0,0,0,0,0,1,0,2,0,0,0,1,0,0,0,0,0,0,67,0,0,0,0,0,0,0,8,2,0,7,0,0,0,0,0,0,0,0,0,0,0,0,0,0,0,0,0,0,1,0,0,0,0,0,0,0,0,0
0,1,1,0,0,0,0,0,0,1,1,0,0,0,0,0,1,0,0,0,0,0,20,0,1,0,1,0,1,0,0,0,0,0,0,1,1,0,0,1,0,0,0,1,0,1,0,0,0,0,0,0,0,0,0,0,0,0,1,0,0,46,1,3,1,0,0,0,0,0,0,0,0,0,0,0,1,0,3,0,0,0,0,1,0,0,1,3,0,0,0,2,0,1,1,0,0,0,0,2
2,2,0,0,0,1,2,0,0,1,0,0,0,0,1,0,0,0,0,0,0,0,0,0,0,0,0,0,0,0,0,0,0,0,0,0,0,0,0,0,0,0,0,1,0,1,1,0,0,0,0,0,0,7,6,0,0,0,0,0,0,0,33,0,0,0,0,0,0,0,2,0,0,1,0,0,0,0,0,0,0,0,3,17,0,0,0,0,0,1,0,0,18,0,0,0,0,0,0,0
0,0,1,0,9,0,2,1,0,0,1,0,0,0,0,0,0,0,2,0,0,3,0,0,0,0,0,1,1,0,0,1,2,3,0,0,3,0,3,2,0,0,2,4,0,0,0,0,0,0,0,2,1,0,1,1,0,0,0,0,0,1,0,34,0,0,0,0,0,0,0,0,2,0,6,1,0,2,0,1,1,0,0,0,0,0,2,1,0,0,0,0,0,1,0,0,1,1,0,0
0,0,0,0,3,3,0,1,1,0,0,0,0,0,5,0,1,0,2,0,0,0,1,0,1,0,0,1,0,1,0,1,2,5,0,0,4,0,7,0,1,0,1,3,0,1,0,0,0,0,4,1,0,0,1,0,0,0,2,0,0,1,0,8,3,8,2,0,0,0,0,0,3,0,2,2,1,1,1,2,0,1,0,1,2,0,0,0,0,0,0,0,0,0,0,0,0,8,0,1
0,0,2,0,0,3,0,1,0,2,0,0,0,0,1,0,0,1,3,0,0,4,1,2,0,1,0,1,0,0,0,0,2,6,1,0,4,0,1,0,0,0,0,0,1,1,1,1,0,0,1,1,0,0,0,0,0,0,1,0,0,1,0,3,3,15,0,0,0,0,0,0,0,1,2,2,0,5,0,3,1,0,0,0,0,0,0,4,1,1,0,2,1,1,3,2,1,4,0,1
0,0,0,2,0,2,0,3,4,1,0,0,0,0,0,0,0,0,0,0,0,5,1,0,0,0,0,1,1,0,0,0,1,3,0,2,1,0,4,2,1,1,0,1,0,2,1,0,1,0,3,1,1,0,2,0,0,0,1,0,0,0,0,2,5,7,11,0,0,0,0,0,0,0,2,4,0,0,1,2,1,0,0,0,0,2,4,1,0,1,0,2,0,0,0,1,0,6,0,0
1,2,0,1,1,1,0,0,0,0,0,0,0,0,0,0,0,0,0,0,1,0,0,4,1,0,1,3,0,1,2,0,0,1,0,0,1,0,0,1,0,0,1,1,1,0,0,0,0,1,1,0,0,0,0,0,0,0,0,0,0,3,0,8,0,1,1,22,1,0,0,0,4,20,1,0,1,1,0,1,0,0,0,0,0,0,0,0,0,0,0,0,0,5,0,4,0,0,0,0
0,1,0,0,0,0,0,0,0,0,0,0,2,0,0,0,0,0,0,0,0,0,0,0,0,0,0,0,0,0,0,0,0,3,0,0,0,0,1,0,0,0,0,0,0,1,0,0,0,3,0,0,0,0,0,0,0,0,0,0,4,0,0,0,0,1,0,0,76,0,0,3,2,0,1,0,0,0,0,1,0,0,0,0,0,0,0,0,0,0,0,1,0,0,0,0,0,0,0,0
0,0,0,0,0,0,0,0,0,3,0,0,1,0,0,1,0,1,0,0,0,1,0,6,1,0,0,0,0,0,2,0,1,0,0,0,0,0,1,2,0,0,0,0,1,0,0,0,0,2,0,0,0,1,1,0,1,1,0,0,2,0,0,0,0,1,0,1,2,52,0,1,1,4,0,0,2,0,0,1,0,0,0,0,0,0,0,0,0,0,2,0,0,0,0,2,0,1,0,1
2,0,2,0,0,0,0,1,0,0,0,0,0,0,1,0,1,0,0,0,0,0,0,0,1,0,1,0,0,0,0,0,1,0,0,0,2,0,0,0,0,1,1,0,0,3,0,0,0,0,0,2,0,0,6,0,0,1,0,0,0,2,8,0,0,0,0,0,0,0,19,0,0,0,0,0,0,1,0,1,0,0,3,12,0,0,0,0,0,0,0,1,25,1,0,0,0,0,1,0
0,1,0,0,0,0,0,0,0,0,0,0,2,0,0,0,0,0,0,0,0,0,0,11,0,0,0,0,0,0,3,0,0,1,0,0,0,0,0,1,0,0,0,0,0,0,0,0,0,3,0,1,0,0,1,0,0,0,0,0,8,0,0,0,0,0,0,0,6,1,0,58,0,2,0,0,0,0,0,0,0,0,0,0,0,0,0,1,0,0,0,0,0,0,0,0,0,0,0,0
0,0,0,2,7,0,1,1,0,0,0,1,3,0,0,1,1,1,0,0,1,1,0,0,2,0,0,5,0,1,2,0,7,2,1,0,0,1,0,2,0,3,1,0,0,1,0,0,0,3,0,0,0,0,0,2,1,1,0,0,0,1,0,1,0,1,0,2,1,0,0,0,8,2,1,1,1,3,1,3,2,0,0,0,1,1,2,0,0,0,0,2,0,1,1,7,0,1,1,0
0,5,0,0,0,0,0,0,1,0,0,1,1,1,0,0,0,0,0,0,0,2,1,3,0,0,0,1,0,0,8,1,0,1,0,0,0,1,0,0,1,1,0,1,0,0,0,0,0,0,0,0,0,0,0,0,0,0,2,0,0,0,0,1,0,0,0,6,1,0,0,0,1,34,0,1,1,0,0,0,0,0,0,0,0,0,0,1,0,0,0,3,0,0,0,17,0,1,0,1
1,0,0,2,5,0,2,3,0,0,0,1,0,0,1,0,0,0,1,0,0,1,0,0,1,2,2,5,0,0,0,1,3,8,1,1,0,1,2,0,0,0,4,2,0,0,0,0,0,0,6,0,0,0,1,2,0,0,1,0,0,0,0,6,1,1,2,1,0,0,0,0,0,0,13,0,0,1,2,1,1,0,0,0,0,0,0,1,0,0,0,2,0,1,0,0,0,4,2,1
0,0,0,3,0,0,1,4,0,1,0,0,0,0,0,0,1,0,0,2,0,7,0,0,0,0,0,1,1,0,1,1,0,0,0,0,2,0,3,0,1,1,0,0,0,0,0,0,2,0,0,0,0,1,0,1,0,0,2,0,0,0,0,0,0,0,2,0,1,0,0,0,1,1,0,48,0,0,1,3,1,0,0,0,0,2,0,0,1,1,1,1,0,0,0,0,0,0,0,0
0,0,0,0,0,0,0,0,0,0,0,0,1,0,0,0,0,6,0,0,0,0,0,2,0,0,0,0,0,0,0,0,0,1,0,0,0,0,0,0,0,0,0,0,1,0,0,0,0,3,0,1,1,0,1,0,1,0,0,1,0,0,0,3,0,0,0,1,2,2,0,2,0,2,0,0,64,0,0,1,0,0,1,0,0,0,0,0,0,0,0,0,0,0,0,2,0,1,0,0
0,1,0,0,3,2,1,4,1,0,0,0,0,0,1,0,0,1,5,0,0,0,1,0,2,0,1,4,2,0,1,0,2,2,1,1,0,0,2,0,1,0,1,2,1,2,0,0,0,0,1,2,0,0,1,1,0,1,0,0,0,0,0,4,1,1,1,0,1,0,0,0,1,0,2,2,0,16,2,4,2,0,2,0,1,0,0,0,0,0,0,0,1,1,4,1,0,0,1,1
0,0,0,0,0,4,1,3,0,1,0,0,0,1,2,0,0,0,2,0,0,1,2,0,2,0,2,6,0,1,0,0,0,2,0,0,0,0,1,4,1,0,1,4,0,0,1,0,3,0,4,0,0,0,1,1,1,0,3,0,0,0,1,2,0,0,3,0,0,3,0,0,0,1,3,5,0,4,9,0,0,0,0,2,0,0,4,1,2,1,0,1,2,0,1,0,0,0,0,0
0,1,0,0,0,0,5,8,4,1,0,0,0,0,2,0,0,0,2,0,0,1,0,1,6,0,1,2,0,0,3,0,0,5,0,0,1,1,5,0,0,0,0,1,0,1,0,1,0,0,1,0,0,0,1,0,2,0,0,0,0,1,0,0,1,4,0,1,0,2,0,0,0,1,0,1,0,0,0,25,1,0,0,0,0,0,0,0,1,1,0,0,0,0,1,0,3,1,0,0
0,0,1,0,1,1,0,2,1,2,0,0,0,0,0,0,1,4,0,1,1,2,0,0,2,0,0,2,0,0,0,0,3,4,1,0,3,0,8,1,0,0,1,1,3,0,0,0,0,0,5,0,0,0,0,2,0,1,1,0,0,0,0,3,0,6,2,0,1,0,0,0,0,0,3,0,0,6,0,5,7,0,0,0,1,0,0,1,2,0,0,1,0,0,1,2,0,3,1,0
0,0,0,0,1,4,0,1,0,0,0,0,4,8,1,0,1,3,0,0,0,2,1,1,0,0,0,1,0,0,0,1,1,2,0,1,0,9,0,1,0,2,1,0,0,1,0,3,1,0,0,0,2,0,0,0,1,0,8,2,0,0,0,1,0,0,0,0,1,0,0,0,0,0,0,0,0,0,1,0,0,11,0,1,1,2,2,4,1,4,6,0,0,0,0,1,0,0,0,0
1,1,1,0,0,1,1,0,0,0,0,0,0,0,1,0,0,0,0,0,0,1,0,0,0,0,1,0,0,0,0,0,0,2,0,0,0,0,0,0,0,0,0,0,0,0,0,1,0,0,0,0,0,6,0,0,0,2,0,0,1,0,6,0,0,0,0,0,0,0,0,0,0,0,0,0,0,0,0,1,0,0,68,1,0,0,0,0,2,1,0,0,0,0,0,0,1,0,0,0
8,1,1,0,0,1,0,1,0,1,0,0,1,0,4,0,0,0,1,0,0,1,1,0,0,0,1,0,0,0,0,0,1,2,0,0,0,0,0,0,0,1,0,1,0,4,0,0,0,0,0,0,0,10,1,0,1,3,0,0,0,0,8,0,0,0,0,0,0,0,3,0,0,0,0,1,0,0,0,0,0,0,3,33,0,0,0,0,0,0,0,0,6,0,0,0,0,0,0,0
0,0,1,0,0,10,0,1,0,2,0,1,1,1,0,0,5,0,0,1,5,1,0,2,2,2,1,0,1,0,1,0,0,1,1,3,0,0,0,3,1,0,1,3,0,3,1,0,0,1,0,0,0,2,0,0,0,1,0,2,1,0,0,0,0,3,0,0,2,0,1,0,1,0,2,2,0,0,0,0,0,0,0,0,10,2,2,0,0,1,1,0,0,1,5,1,0,1,0,3
0,0,0,0,1,2,0,0,0,0,0,0,2,2,0,0,0,2,0,0,0,1,0,0,0,0,0,2,0,0,0,0,1,0,0,0,0,0,0,0,0,1,0,0,0,0,0,3,0,1,0,0,0,0,0,0,0,0,11,1,0,0,0,1,0,0,0,0,1,1,0,0,0,0,0,1,0,2,0,1,1,3,0,1,0,48,1,1,0,4,2,0,0,2,0,0,0,0,0,0
0,1,0,0,0,2,0,2,1,2,0,0,0,0,0,0,6,1,0,0,2,1,2,1,0,0,1,0,2,0,0,0,1,0,0,0,1,0,0,3,0,2,0,0,0,0,0,0,0,1,1,0,0,0,0,0,0,0,1,0,0,2,0,1,1,0,1,0,0,1,0,0,0,0,0,1,0,0,0,1,0,1,1,0,0,1,32,17,0,1,0,0,0,1,2,1,0,0,1,0
0,1,0,1,0,3,1,0,0,1,0,0,1,0,0,0,3,0,0,0,0,4,2,0,1,0,0,0,1,0,1,0,1,1,0,1,0,1,0,1,2,0,0,0,1,0,0,0,1,0,0,0,0,0,1,0,0,0,1,0,0,0,0,0,0,0,0,0,0,0,1,0,1,1,0,1,2,0,0,1,0,0,0,0,1,0,2,53,0,0,0,0,0,0,6,0,0,0,0,0
0,2,0,3,2,2,1,2,4,0,0,0,0,0,1,0,0,0,0,1,0,1,1,0,0,0,0,2,1,0,0,0,1,5,3,0,0,1,2,2,0,0,5,9,0,4,0,0,0,0,2,1,0,1,0,0,0,0,0,1,0,1,0,3,1,1,3,0,0,0,0,0,0,0,0,0,0,1,4,4,1,0,0,1,0,0,1,0,16,0,0,0,0,0,3,0,0,0,0,0
0,0,0,0,0,0,2,0,1,1,0,0,1,0,0,0,0,4,0,3,0,2,0,0,0,0,1,1,0,0,0,1,1,3,0,0,0,2,0,0,0,0,0,0,0,1,0,0,6,1,0,1,0,0,0,0,1,0,6,0,0,0,0,2,0,1,1,0,2,2,0,0,0,0,0,1,0,0,0,0,0,2,0,0,0,3,0,0,1,38,6,0,0,0,0,0,2,0,0,0
1,0,0,0,0,0,0,0,0,0,0,0,7,2,0,0,2,3,1,0,0,3,0,0,0,3,0,2,0,0,0,0,3,6,1,1,0,4,0,2,0,1,0,0,0,1,0,1,0,3,0,0,1,0,0,0,0,0,7,2,0,0,0,0,0,0,0,0,3,0,0,0,2,0,0,1,0,0,0,1,0,4,0,0,0,6,0,3,0,2,17,0,1,1,0,0,0,1,0,1
0,1,0,0,1,3,0,1,0,1,0,0,0,0,0,0,0,0,1,0,4,0,0,3,1,0,0,3,0,0,2,0,4,2,0,0,1,1,0,1,0,0,0,1,1,1,0,0,0,1,0,0,0,0,6,0,0,0,0,1,0,0,0,0,0,1,0,1,1,0,0,2,0,4,1,3,0,1,1,0,0,0,0,0,2,1,1,0,0,0,0,36,0,0,0,0,0,2,0,2
3,4,0,0,0,1,1,1,0,0,0,0,0,0,0,1,0,0,0,1,0,0,0,0,0,0,0,0,0,0,0,0,0,0,1,0,1,0,1,0,0,0,0,1,0,3,1,1,0,0,0,2,0,4,6,0,1,3,0,0,0,0,15,0,0,1,0,0,0,0,9,0,0,1,0,0,0,0,1,0,0,0,4,2,0,0,1,0,1,0,0,0,27,1,0,0,0,0,0,0
0,0,2,0,2,0,0,1,0,0,0,0,0,0,0,0,0,0,0,0,0,1,1,0,3,0,2,3,0,3,5,0,2,1,0,0,0,1,0,2,1,1,0,0,0,1,0,1,0,0,2,0,2,0,0,1,0,0,0,3,0,0,0,4,0,4,1,1,1,1,0,0,0,8,5,3,1,1,0,1,0,0,0,0,0,2,3,0,0,0,0,2,0,13,1,7,0,0,0,0
1,0,0,0,0,2,1,0,0,3,0,0,0,0,0,0,2,0,0,0,0,1,0,1,0,1,0,0,0,0,0,0,0,1,0,0,5,0,0,0,1,0,0,1,0,0,0,3,0,0,0,0,0,1,0,0,0,0,0,0,0,0,0,2,0,1,0,0,0,0,0,0,0,0,0,0,0,0,0,0,0,0,0,1,0,0,1,8,0,0,0,0,0,0,61,0,0,1,1,0
0,0,0,0,1,1,0,3,0,1,0,0,1,0,0,0,0,0,0,0,1,0,0,1,1,1,0,0,1,0,11,0,0,0,0,0,0,0,0,2,1,0,0,0,0,1,0,0,1,1,0,0,0,0,0,1,1,0,1,0,0,0,0,0,0,0,0,0,0,1,0,1,0,13,0,0,0,0,0,0,0,0,0,0,0,0,3,0,0,0,0,1,0,1,0,47,0,0,0,1
2,0,0,0,2,0,0,0,1,0,0,0,1,0,0,0,0,4,2,0,0,0,0,0,0,0,0,3,0,0,0,0,0,13,0,0,0,0,0,0,0,1,0,0,0,0,0,17,0,1,0,0,16,0,0,0,0,1,0,2,2,0,0,0,0,0,0,0,1,0,0,0,0,1,1,0,1,0,0,0,0,0,2,0,0,1,0,0,0,0,0,0,0,0,0,0,25,0,0,0
0,2,0,1,0,0,0,0,1,0,0,0,0,0,1,0,0,0,0,0,0,2,3,0,1,0,0,1,2,1,0,0,2,3,1,1,1,2,3,2,0,0,0,2,0,0,1,0,0,0,3,0,0,0,2,0,0,0,0,2,0,0,0,0,5,5,3,0,0,1,0,0,0,0,3,0,1,0,0,2,3,0,0,0,0,0,1,2,0,1,0,1,0,0,0,1,0,31,0,0
2,0,8,0,1,2,0,1,0,2,0,5,0,0,0,0,1,0,0,0,1,3,1,0,3,0,0,0,0,1,0,0,2,0,0,9,2,0,0,0,2,0,0,2,0,2,9,0,0,0,0,0,0,4,1,0,1,0,1,1,0,0,0,1,1,0,0,0,0,0,2,0,1,0,0,0,0,0,0,2,0,0,0,2,0,0,4,3,0,0,1,1,0,0,2,0,0,2,9,2
0,0,0,0,1,4,1,1,1,0,1,0,0,0,3,0,1,0,1,0,1,1,2,3,2,1,1,0,2,0,0,0,1,0,0,1,2,0,0,2,1,0,0,0,0,3,0,0,0,0,0,0,0,0,0,0,0,2,2,0,0,9,0,1,0,2,0,3,1,0,0,2,0,3,1,1,0,0,4,3,1,0,0,0,0,1,2,3,2,0,0,1,1,0,2,5,0,0,0,11
