dataset,backend,variant,seed,ablation,accuracy,macro_precision,macro_recall,macro_f1,top5_accuracy,test_loss,best_epoch,best_val_loss,parameter_count,train_seconds,validation_seconds,test_seconds,folder
mnist,numpy,baseline,42,,0.9869,0.9868737039431442,0.9867512400760251,0.9867947521073976,0.9998,0.04028335586190224,5,0.0522632971405983,52138,163.398557600005,7.996547599999758,2.609954399995331,results/mnist_numpy_baseline
mnist,numpy,improved,42,,0.9892,0.9891317721407346,0.9891871226809725,0.9891399639481481,0.9999,0.031553514301776886,5,0.04505034536123276,54666,754.7222413,29.752602800000204,10.184573300000011,results/mnist_numpy_improved
mnist,pytorch,baseline,42,,0.9863,0.9862708188258946,0.9861224039699967,0.9861743851943464,0.9997,0.04036540910601616,5,0.052561599761247635,52138,15.879581399999779,0.26982920000000377,0.09289009999997688,results/mnist_pytorch_baseline
mnist,pytorch,improved,42,,0.9903,0.9902713457818695,0.9901863971467675,0.9902081705959537,0.9999,0.030866757035255432,5,0.04201643168926239,54666,43.840935100000024,1.0648900000003323,0.4409392999998545,results/mnist_pytorch_improved
mnist,tensorflow,baseline,42,,0.9868,0.9867958116314467,0.9866409800568782,0.9866945735127185,0.9997,0.04043249040842056,5,0.05244965851306915,52138,16.845447000000036,0.8131583000001683,0.21375369999998384,results/mnist_tensorflow_baseline
mnist,tensorflow,improved,42,,0.9875,0.9875682554620673,0.9874905981953124,0.9874863772795491,1.0,0.03710358962416649,4,0.04594030603766441,54666,22.118630900000085,0.9431106000001819,0.25919069999997646,results/mnist_tensorflow_improved
cifar10,numpy,baseline,42,,0.6315,0.6340900393650803,0.6315000000000001,0.6285528434248209,0.963,1.0600183010101318,10,1.0713987350463867,67642,631.9135850000001,30.50094059999992,9.034392999999909,results/cifar10_numpy_baseline
cifar10,numpy,improved,42,,0.6643,0.665210518336089,0.6643000000000001,0.6634410992151109,0.9683,0.965280294418335,9,0.9409046769142151,70170,1680.2228905000006,62.327824400000054,13.258101899999929,results/cifar10_numpy_improved
cifar10,pytorch,baseline,42,,0.6303,0.6314521535047647,0.6303,0.6266381972171805,0.9624,1.0617510080337524,10,1.0768320560455322,67642,45.12373220000018,2.342267999999649,0.40947159999996074,results/cifar10_pytorch_baseline
cifar10,pytorch,improved,42,,0.6526,0.661187798099039,0.6526,0.6531118162558844,0.967,0.9990695118904114,9,0.9739655256271362,70170,94.29024159999994,3.1581900999995014,0.6964278000000377,results/cifar10_pytorch_improved
cifar10,tensorflow,baseline,42,,0.6301,0.6293583897737494,0.6300999999999999,0.6264404742289251,0.9636,1.0536144971847534,10,1.065341591835022,67642,33.10936189999995,2.5231134999999085,0.6293158000000858,results/cifar10_tensorflow_baseline
cifar10,tensorflow,improved,42,,0.6602,0.662614142136904,0.6602,0.6587967461451301,0.9683,0.9631780385971069,8,0.9607269763946533,70170,44.21590160000005,2.564989500000138,0.4890867999999955,results/cifar10_tensorflow_improved
cifar100,numpy,baseline,42,,0.2823,0.29791381741788525,0.2823,0.2735356782527482,0.5795,2.9223222732543945,12,2.948519229888916,73492,1195.8336056000003,50.60198109999965,8.500315499999942,results/cifar100_numpy_baseline
cifar100,numpy,improved,42,,0.3242,0.3219177255174802,0.32419999999999993,0.31680670557094126,0.6302,2.680800676345825,12,2.6916356086730957,76020,2044.6105360000006,78.29523630000222,10.678377100000034,results/cifar100_numpy_improved
cifar100,pytorch,baseline,42,,0.2884,0.2918309823381622,0.2884,0.2773032131014429,0.5888,2.885165214538574,12,2.90659499168396,73492,56.8909208,2.8151703000000907,0.4547888999998122,results/cifar100_pytorch_baseline
cifar100,pytorch,improved,42,,0.3215,0.3147501616255677,0.3215,0.3098218295610212,0.6235,2.697511672973633,11,2.705066204071045,76020,113.4164609000004,3.6973362000003362,0.5409495000001243,results/cifar100_pytorch_improved
cifar100,tensorflow,baseline,42,,0.2854,0.29012078123852336,0.28540000000000004,0.27437533609317116,0.5819,2.907139539718628,11,2.92801570892334,73492,42.63429960000019,3.114896700000145,0.7087721999999985,results/cifar100_tensorflow_baseline
cifar100,tensorflow,improved,42,,0.3254,0.31475124760142603,0.3253999999999999,0.3127305397536799,0.6285,2.690552234649658,11,2.6942574977874756,76020,51.9936481999996,3.256840400000101,0.5110290000000077,results/cifar100_tensorflow_improved
mnist,numpy,baseline,7,,0.9844,0.9845814510395634,0.9842452779074714,0.9843863943663124,0.9999,0.04545460641384125,5,0.06045481935143471,52138,312.50103650000165,13.798143700001674,4.60300659999848,results/multiseed/seed_7/mnist_numpy_baseline
mnist,numpy,improved,7,,0.9873,0.98739622496703,0.9871828088575134,0.9872724207575555,0.9997,0.0386732742190361,5,0.04877851530909538,54666,696.3937179999957,28.989410500002123,9.515891399998509,results/multiseed/seed_7/mnist_numpy_improved
mnist,pytorch,baseline,7,,0.9843,0.9844571967985336,0.9841499292517437,0.9842780004066677,0.9999,0.04492606967687607,5,0.0590127669274807,52138,29.834321800000907,0.5602595999989717,0.2096373999993375,results/multiseed/seed_7/mnist_pytorch_baseline
mnist,pytorch,improved,7,,0.9871,0.9871830926069152,0.9869306337148339,0.9870361486397444,0.9997,0.037327125668525696,5,0.049662575125694275,54666,48.56629049999901,1.0511322999991535,0.3872580999995989,results/multiseed/seed_7/mnist_pytorch_improved
mnist,tensorflow,baseline,7,,0.9844,0.9845766789846826,0.9842486968860152,0.9843815281680206,0.9999,0.045090142637491226,5,0.05959956347942352,52138,24.304505099997186,0.9781540999974823,0.2896484999982931,results/multiseed/seed_7/mnist_tensorflow_baseline
mnist,tensorflow,improved,7,,0.9877,0.987788322082857,0.9875721435840334,0.9876642372925399,0.9996,0.04003971070051193,5,0.0495883971452713,54666,36.90422910000052,1.743609600001946,0.4058124000002863,results/multiseed/seed_7/mnist_tensorflow_improved
cifar10,numpy,baseline,7,,0.6318,0.6364780493212605,0.6317999999999999,0.6305759819318965,0.963,1.059981107711792,10,1.0473681688308716,67642,873.4198598999938,39.488004600007116,7.420204200003354,results/multiseed/seed_7/cifar10_numpy_baseline
cifar10,numpy,improved,7,,0.6473,0.6440671065065131,0.6473000000000001,0.6428909121359266,0.9707,0.9843465685844421,7,0.9690743088722229,70170,1535.69274280002,64.35335450000639,14.315278599999147,results/multiseed/seed_7/cifar10_numpy_improved
cifar10,pytorch,baseline,7,,0.6274,0.6344442938178845,0.6274000000000001,0.627003323175086,0.964,1.0671498775482178,10,1.0530263185501099,67642,50.74786609999501,2.3135906999959843,0.6894458000024315,results/multiseed/seed_7/cifar10_pytorch_baseline
cifar10,pytorch,improved,7,,0.652,0.6623861168904355,0.652,0.6508174176743479,0.9693,0.99692702293396,9,0.9621255993843079,70170,116.73681839999699,3.7621603999941726,0.9881730000015523,results/multiseed/seed_7/cifar10_pytorch_improved
cifar10,tensorflow,baseline,7,,0.6302,0.634543199736755,0.6302000000000001,0.6286671247043661,0.9622,1.0651066303253174,10,1.0561028718948364,67642,58.40067660000204,3.5836647000032826,0.6794902999972692,results/multiseed/seed_7/cifar10_tensorflow_baseline
cifar10,tensorflow,improved,7,,0.6481,0.6507781967868913,0.6481,0.6460542905890458,0.9702,0.9938325881958008,10,0.9722892642021179,70170,73.1713622999996,4.474986000001081,0.84868970000025,results/multiseed/seed_7/cifar10_tensorflow_improved
cifar100,numpy,baseline,7,,0.311,0.3101305835147496,0.311,0.29686613237708315,0.6099,2.8117544651031494,11,2.81618595123291,73492,980.9380227000074,45.487987300002715,7.239516300003743,results/multiseed/seed_7/cifar100_numpy_baseline
cifar100,numpy,improved,7,,0.3213,0.31825636940322943,0.3213,0.30895719354805967,0.6169,2.719601631164551,11,2.7595722675323486,76020,1732.657732499989,72.87359410001227,12.392738599999575,results/multiseed/seed_7/cifar100_numpy_improved
cifar100,pytorch,baseline,7,,0.3109,0.31284815598289134,0.3109,0.29784183277765874,0.6113,2.8032259941101074,11,2.807009696960449,73492,65.5630009000015,3.4045592000038596,0.6191447000019252,results/multiseed/seed_7/cifar100_pytorch_baseline
cifar100,pytorch,improved,7,,0.3273,0.3282491666881824,0.32730000000000004,0.32062751473835227,0.6252,2.688246250152588,12,2.7097301483154297,76020,135.9315506999992,4.746694299996307,0.7285588999984611,results/multiseed/seed_7/cifar100_pytorch_improved
cifar100,tensorflow,baseline,7,,0.3058,0.30244721041113265,0.30579999999999996,0.29079202818743066,0.6116,2.812471389770508,11,2.809281587600708,73492,62.48525430000154,4.305090200006816,0.6665011999975832,results/multiseed/seed_7/cifar100_tensorflow_baseline
cifar100,tensorflow,improved,7,,0.324,0.3191092723097967,0.324,0.31247098674301893,0.627,2.693732500076294,9,2.7084405422210693,76020,89.28299250000782,5.301116100006766,0.8105074000013701,results/multiseed/seed_7/cifar100_tensorflow_improved
mnist,numpy,baseline,2026,,0.9851,0.9851086592944244,0.985031186389923,0.9850258975269786,0.9999,0.04245501011610031,5,0.05166362598538399,52138,310.5394590000069,13.981706299997313,4.725733499999478,results/multiseed/seed_2026/mnist_numpy_baseline
mnist,numpy,improved,2026,,0.9881,0.9880959992813617,0.9880383211666341,0.9880551988266169,1.0,0.0352238230407238,5,0.04209809750318527,54666,699.7470755000031,28.34902150000198,9.432860099997924,results/multiseed/seed_2026/mnist_numpy_improved
mnist,pytorch,baseline,2026,,0.9854,0.9853709930774753,0.985322800738387,0.9853124119115559,0.9999,0.04158173128962517,5,0.05144476145505905,52138,32.741823600004864,0.7646314000012353,0.2681565999992017,results/multiseed/seed_2026/mnist_pytorch_baseline
mnist,pytorch,improved,2026,,0.9879,0.9878452582197259,0.9877378083723084,0.9877704384936477,1.0,0.036130327731370926,5,0.045482564717531204,54666,65.51036329999988,1.9096523999978672,0.6360146999977587,results/multiseed/seed_2026/mnist_pytorch_improved
mnist,tensorflow,baseline,2026,,0.9849,0.9848539633422304,0.9847614297505711,0.9847685786063838,0.9999,0.04105982184410095,5,0.04959670081734657,52138,33.34445929999856,1.436403200001223,0.3919127000008302,results/multiseed/seed_2026/mnist_tensorflow_baseline
mnist,tensorflow,improved,2026,,0.9866,0.9865901793683861,0.9865675591784859,0.9865546277326309,0.9999,0.037311241030693054,3,0.044208165258169174,54666,44.44367229999989,1.8638283999971463,0.4732101000008697,results/multiseed/seed_2026/mnist_tensorflow_improved
cifar10,numpy,baseline,2026,,0.6167,0.614754653425911,0.6167,0.6125378975609014,0.9575,1.1034467220306396,9,1.1181124448776245,67642,878.0724248000079,40.698421499993856,8.338256899998669,results/multiseed/seed_2026/cifar10_numpy_baseline
cifar10,numpy,improved,2026,,0.6447,0.6506370213364504,0.6446999999999999,0.6456834487856709,0.9653,1.0068243741989136,8,0.9861525297164917,70170,1534.8624595000038,62.999655899988284,14.866031400000793,results/multiseed/seed_2026/cifar10_numpy_improved
cifar10,pytorch,baseline,2026,,0.6125,0.6140881588298067,0.6125,0.6094132135838249,0.9585,1.100696086883545,9,1.1154396533966064,67642,56.014651700003014,2.593249999998079,0.48917509999955655,results/multiseed/seed_2026/cifar10_pytorch_baseline
cifar10,pytorch,improved,2026,,0.6516,0.6520130331460505,0.6516,0.6502352039525103,0.9682,0.9897795915603638,7,0.9788486361503601,70170,115.0023487000035,4.19901210000171,0.7043899000018428,results/multiseed/seed_2026/cifar10_pytorch_improved
cifar10,tensorflow,baseline,2026,,0.6111,0.6108318609172885,0.6111000000000001,0.6062976063030339,0.9581,1.1107838153839111,9,1.133967399597168,67642,49.48089099999561,3.1757155999985116,0.6569299999973737,results/multiseed/seed_2026/cifar10_tensorflow_baseline
cifar10,tensorflow,improved,2026,,0.6585,0.6584584398865739,0.6585000000000001,0.6578602081685373,0.9694,0.9771956205368042,10,0.9474851489067078,70170,74.21266040000774,4.572011399995972,0.7865141999973275,results/multiseed/seed_2026/cifar10_tensorflow_improved
cifar100,numpy,baseline,2026,,0.253,0.258834046775145,0.253,0.23767590067623867,0.545,3.0535836219787598,12,3.036363363265991,73492,986.405832299999,46.20160299998679,7.231922899998608,results/multiseed/seed_2026/cifar100_numpy_baseline
cifar100,numpy,improved,2026,,0.3241,0.3262069196234043,0.32409999999999994,0.3173959515022182,0.623,2.7010371685028076,11,2.7159805297851562,76020,1730.791449599994,71.85826280000038,14.396256499996525,results/multiseed/seed_2026/cifar100_numpy_improved
cifar100,pytorch,baseline,2026,,0.273,0.26926696492241303,0.273,0.25820819717876603,0.5567,2.9981143474578857,11,2.9938666820526123,73492,63.653976599995076,2.9936086000016076,0.5206423000017821,results/multiseed/seed_2026/cifar100_pytorch_baseline
cifar100,pytorch,improved,2026,,0.3234,0.3187030528926268,0.32339999999999997,0.3131415229850344,0.6245,2.7091727256774902,12,2.7283713817596436,76020,134.46794290000253,4.826842800001032,0.8194425000001502,results/multiseed/seed_2026/cifar100_pytorch_improved
cifar100,tensorflow,baseline,2026,,0.2619,0.2650814872980423,0.26189999999999997,0.24577469660760645,0.5525,3.0369458198547363,12,3.0148282051086426,73492,59.0405013999989,4.002007400002185,0.6616327999981877,results/multiseed/seed_2026/cifar100_tensorflow_baseline
cifar100,tensorflow,improved,2026,,0.3267,0.3252165762852576,0.3267000000000001,0.3181660055710255,0.6163,2.70399808883667,12,2.732215642929077,76020,83.12711760000457,5.15396409999812,0.8055974000017159,results/multiseed/seed_2026/cifar100_tensorflow_improved
cifar10,pytorch,improved,42,no_bn,0.6198,0.6181011348005714,0.6197999999999999,0.6178763910223646,0.9596,1.089215874671936,10,1.094190001487732,69962,60.43320429999585,2.7769148999796016,0.5336033999992651,results/ablation/seed_42/cifar10_pytorch_improved_no_bn
cifar10,pytorch,improved,7,no_bn,0.6279,0.6316060222748291,0.6279,0.6248024029860775,0.9622,1.0507103204727173,10,1.0247178077697754,69962,57.53416969999671,2.6194916000022204,0.47407290000410285,results/ablation/seed_7/cifar10_pytorch_improved_no_bn
cifar10,pytorch,improved,2026,no_bn,0.6174,0.6211189970830182,0.6174000000000001,0.6159246270896552,0.9603,1.0818634033203125,10,1.0841398239135742,69962,49.036803599999985,2.218645800014201,0.43181779999576975,results/ablation/seed_2026/cifar10_pytorch_improved_no_bn
cifar10,pytorch,improved,42,no_skip,0.6597,0.6623423773157852,0.6597000000000001,0.6588625625576101,0.9681,0.9657147526741028,9,0.9589597582817078,70170,90.66997919999994,2.9497524999969755,0.5573599999988801,results/ablation/seed_42/cifar10_pytorch_improved_no_skip
cifar10,pytorch,improved,7,no_skip,0.6564,0.6675797314095057,0.6564,0.6579646522146121,0.9706,0.980971097946167,9,0.9518656134605408,70170,91.38829030001216,3.0671347999814316,0.5885682000007364,results/ablation/seed_7/cifar10_pytorch_improved_no_skip
cifar10,pytorch,improved,2026,no_skip,0.6522,0.6633386997060198,0.6522000000000001,0.6528409062731345,0.9669,0.990648627281189,10,0.9714070558547974,70170,89.03022479999345,2.989112600014778,0.5860561000008602,results/ablation/seed_2026/cifar10_pytorch_improved_no_skip
cifar10,pytorch,improved,42,no_dropout,0.6559,0.661640002510149,0.6558999999999999,0.6561636219083556,0.9674,1.0031907558441162,9,0.9959537386894226,70170,90.79138970001077,2.9376856999951997,0.6620312000013655,results/ablation/seed_42/cifar10_pytorch_improved_no_dropout
cifar10,pytorch,improved,7,no_dropout,0.6505,0.6483116157199242,0.6505000000000001,0.6456963857824566,0.9676,1.0084266662597656,6,0.9954673647880554,70170,91.68438700000115,3.1350851000024704,0.5975072000001092,results/ablation/seed_7/cifar10_pytorch_improved_no_dropout
cifar10,pytorch,improved,2026,no_dropout,0.6433,0.6429764358860501,0.6433000000000001,0.638361542026097,0.9633,1.0410879850387573,7,1.033612847328186,70170,92.87755499999912,3.0151454000078957,0.5842236000025878,results/ablation/seed_2026/cifar10_pytorch_improved_no_dropout
cifar100,pytorch,improved,42,no_bn,0.249,0.24536279330188587,0.24900000000000003,0.2313597611238863,0.54,3.101454019546509,12,3.091327428817749,75812,52.52358459999232,2.7651709000128903,0.4411357999997563,results/ablation/seed_42/cifar100_pytorch_improved_no_bn
cifar100,pytorch,improved,7,no_bn,0.2826,0.2624157317971689,0.2826,0.2615801115850323,0.5785,2.9240357875823975,11,2.942967653274536,75812,52.146619899984216,2.7858596999867586,0.46405419999791775,results/ablation/seed_7/cifar100_pytorch_improved_no_bn
cifar100,pytorch,improved,2026,no_bn,0.2531,0.23741701022676887,0.2531,0.23359500954397533,0.5455,3.082481622695923,11,3.0754709243774414,75812,52.714835500002664,2.7420313999973587,0.43252919999940787,results/ablation/seed_2026/cifar100_pytorch_improved_no_bn
cifar100,pytorch,improved,42,no_skip,0.3303,0.33150897738009505,0.33030000000000004,0.3235403117657792,0.6353,2.661757707595825,12,2.6834070682525635,76020,109.84246769998572,4.025589500008209,0.6827768000002834,results/ablation/seed_42/cifar100_pytorch_improved_no_skip
cifar100,pytorch,improved,7,no_skip,0.3208,0.3133246024623501,0.3208,0.3089220058882797,0.6219,2.709829330444336,12,2.7272636890411377,76020,110.25407599999744,3.9897628000180703,0.6319031000020914,results/ablation/seed_7/cifar100_pytorch_improved_no_skip
cifar100,pytorch,improved,2026,no_skip,0.3284,0.32595293621278093,0.3284,0.32050085252303584,0.6293,2.6756231784820557,12,2.7087152004241943,76020,107.93753919998562,3.877133199981472,0.6552436999991187,results/ablation/seed_2026/cifar100_pytorch_improved_no_skip
cifar100,pytorch,improved,42,no_dropout,0.3078,0.30328976361480225,0.30779999999999996,0.29673874103293796,0.6,2.8097856044769287,6,2.82293438911438,76020,110.8523402999781,4.05041130000609,0.6599074000041583,results/ablation/seed_42/cifar100_pytorch_improved_no_dropout
cifar100,pytorch,improved,7,no_dropout,0.3192,0.3232135489147568,0.31920000000000004,0.3134929734265104,0.6136,2.782602310180664,7,2.8170721530914307,76020,105.938758900018,3.755147299991222,0.5520869000029052,results/ablation/seed_7/cifar100_pytorch_improved_no_dropout
cifar100,pytorch,improved,2026,no_dropout,0.3157,0.3149006854231579,0.3157,0.30838308058211583,0.6046,2.7911295890808105,7,2.8361823558807373,76020,109.69344790002651,3.9230058999964967,0.622795799994492,results/ablation/seed_2026/cifar100_pytorch_improved_no_dropout
